om_var,b_var,r_var,v_var,d
0.008186087529,0.000671431744,0.000900360036,0.004420255225,0.219016266843342
